{"cameraMode":{"drawMode":0,"name":"Shaded","section":"Shading Mode"},"sceneLighting":false,"audioPlay":false,"sceneViewState":{"showFog":false,"showMaterialUpdate":false,"showSkybox":false,"showFlares":false,"showImageEffects":false,"showParticleSystems":false},"in2DMode":false,"pivot":{"x":708.5335693359375,"y":174.08287048339845,"z":-61.0216064453125},"rotation":{"x":-0.09375648945569992,"y":-0.009549673646688462,"z":0.0009007883490994573,"w":-0.9955490231513977},"size":3136.14111328125,"orthographic":false}